cleaning,regimen
saline,reoperation
saline,reoperation
saline,reoperation
saline,reoperation
saline,reoperation
saline,reoperation
saline,reoperation
saline,reoperation
saline,reoperation
saline,reoperation
saline,reoperation
saline,reoperation
saline,reoperation
saline,reoperation
saline,reoperation
saline,reoperation
saline,reoperation
saline,reoperation
saline,reoperation
saline,reoperation
saline,reoperation
saline,reoperation
saline,reoperation
saline,reoperation
saline,reoperation
saline,reoperation
saline,reoperation
saline,reoperation
saline,reoperation
saline,reoperation
saline,reoperation
saline,reoperation
saline,reoperation
saline,reoperation
saline,reoperation
saline,reoperation
saline,reoperation
saline,reoperation
saline,reoperation
saline,reoperation
saline,reoperation
saline,reoperation
saline,reoperation
saline,reoperation
saline,reoperation
saline,reoperation
saline,reoperation
saline,reoperation
saline,reoperation
saline,reoperation
saline,reoperation
saline,reoperation
saline,reoperation
saline,reoperation
saline,reoperation
saline,reoperation
saline,reoperation
saline,reoperation
saline,reoperation
saline,reoperation
saline,reoperation
saline,reoperation
saline,reoperation
saline,reoperation
saline,reoperation
saline,reoperation
saline,reoperation
saline,reoperation
saline,reoperation
saline,reoperation
saline,reoperation
saline,reoperation
saline,reoperation
saline,reoperation
saline,reoperation
saline,reoperation
saline,reoperation
saline,reoperation
saline,reoperation
saline,reoperation
saline,reoperation
saline,reoperation
saline,reoperation
saline,reoperation
saline,reoperation
saline,reoperation
saline,reoperation
saline,reoperation
saline,reoperation
saline,reoperation
saline,reoperation
saline,reoperation
saline,reoperation
saline,reoperation
saline,reoperation
saline,reoperation
saline,reoperation
saline,reoperation
saline,reoperation
saline,reoperation
saline,reoperation
saline,reoperation
saline,reoperation
saline,reoperation
saline,reoperation
saline,reoperation
saline,reoperation
saline,reoperation
saline,reoperation
saline,reoperation
saline,reoperation
saline,reoperation
saline,reoperation
saline,reoperation
saline,reoperation
saline,reoperation
saline,reoperation
saline,reoperation
saline,reoperation
saline,reoperation
saline,reoperation
saline,reoperation
saline,reoperation
saline,reoperation
saline,reoperation
saline,reoperation
saline,reoperation
saline,reoperation
saline,reoperation
saline,reoperation
saline,reoperation
saline,reoperation
saline,reoperation
saline,reoperation
saline,reoperation
saline,reoperation
saline,reoperation
saline,reoperation
saline,reoperation
saline,reoperation
saline,reoperation
saline,healthy
saline,healthy
saline,healthy
saline,healthy
saline,healthy
saline,healthy
saline,healthy
saline,healthy
saline,healthy
saline,healthy
saline,healthy
saline,healthy
saline,healthy
saline,healthy
saline,healthy
saline,healthy
saline,healthy
saline,healthy
saline,healthy
saline,healthy
saline,healthy
saline,healthy
saline,healthy
saline,healthy
saline,healthy
saline,healthy
saline,healthy
saline,healthy
saline,healthy
saline,healthy
saline,healthy
saline,healthy
saline,healthy
saline,healthy
saline,healthy
saline,healthy
saline,healthy
saline,healthy
saline,healthy
saline,healthy
saline,healthy
saline,healthy
saline,healthy
saline,healthy
saline,healthy
saline,healthy
saline,healthy
saline,healthy
saline,healthy
saline,healthy
saline,healthy
saline,healthy
saline,healthy
saline,healthy
saline,healthy
saline,healthy
saline,healthy
saline,healthy
saline,healthy
saline,healthy
saline,healthy
saline,healthy
saline,healthy
saline,healthy
saline,healthy
saline,healthy
saline,healthy
saline,healthy
saline,healthy
saline,healthy
saline,healthy
saline,healthy
saline,healthy
saline,healthy
saline,healthy
saline,healthy
saline,healthy
saline,healthy
saline,healthy
saline,healthy
saline,healthy
saline,healthy
saline,healthy
saline,healthy
saline,healthy
saline,healthy
saline,healthy
saline,healthy
saline,healthy
saline,healthy
saline,healthy
saline,healthy
saline,healthy
saline,healthy
saline,healthy
saline,healthy
saline,healthy
saline,healthy
saline,healthy
saline,healthy
saline,healthy
saline,healthy
saline,healthy
saline,healthy
saline,healthy
saline,healthy
saline,healthy
saline,healthy
saline,healthy
saline,healthy
saline,healthy
saline,healthy
saline,healthy
saline,healthy
saline,healthy
saline,healthy
saline,healthy
saline,healthy
saline,healthy
saline,healthy
saline,healthy
saline,healthy
saline,healthy
saline,healthy
saline,healthy
saline,healthy
saline,healthy
saline,healthy
saline,healthy
saline,healthy
saline,healthy
saline,healthy
saline,healthy
saline,healthy
saline,healthy
saline,healthy
saline,healthy
saline,healthy
saline,healthy
saline,healthy
saline,healthy
saline,healthy
saline,healthy
saline,healthy
saline,healthy
saline,healthy
saline,healthy
saline,healthy
saline,healthy
saline,healthy
saline,healthy
saline,healthy
saline,healthy
saline,healthy
saline,healthy
saline,healthy
saline,healthy
saline,healthy
saline,healthy
saline,healthy
saline,healthy
saline,healthy
saline,healthy
saline,healthy
saline,healthy
saline,healthy
saline,healthy
saline,healthy
saline,healthy
saline,healthy
saline,healthy
saline,healthy
saline,healthy
saline,healthy
saline,healthy
saline,healthy
saline,healthy
saline,healthy
saline,healthy
saline,healthy
saline,healthy
saline,healthy
saline,healthy
saline,healthy
saline,healthy
saline,healthy
saline,healthy
saline,healthy
saline,healthy
saline,healthy
saline,healthy
saline,healthy
saline,healthy
saline,healthy
saline,healthy
saline,healthy
saline,healthy
saline,healthy
saline,healthy
saline,healthy
saline,healthy
saline,healthy
saline,healthy
saline,healthy
saline,healthy
saline,healthy
saline,healthy
saline,healthy
saline,healthy
saline,healthy
saline,healthy
saline,healthy
saline,healthy
saline,healthy
saline,healthy
saline,healthy
saline,healthy
saline,healthy
saline,healthy
saline,healthy
saline,healthy
saline,healthy
saline,healthy
saline,healthy
saline,healthy
saline,healthy
saline,healthy
saline,healthy
saline,healthy
saline,healthy
saline,healthy
saline,healthy
saline,healthy
saline,healthy
saline,healthy
saline,healthy
saline,healthy
saline,healthy
saline,healthy
saline,healthy
saline,healthy
saline,healthy
saline,healthy
saline,healthy
saline,healthy
saline,healthy
saline,healthy
saline,healthy
saline,healthy
saline,healthy
saline,healthy
saline,healthy
saline,healthy
saline,healthy
saline,healthy
saline,healthy
saline,healthy
saline,healthy
saline,healthy
saline,healthy
saline,healthy
saline,healthy
saline,healthy
saline,healthy
saline,healthy
saline,healthy
saline,healthy
saline,healthy
saline,healthy
saline,healthy
saline,healthy
saline,healthy
saline,healthy
saline,healthy
saline,healthy
saline,healthy
saline,healthy
saline,healthy
saline,healthy
saline,healthy
saline,healthy
saline,healthy
saline,healthy
saline,healthy
saline,healthy
saline,healthy
saline,healthy
saline,healthy
saline,healthy
saline,healthy
saline,healthy
saline,healthy
saline,healthy
saline,healthy
saline,healthy
saline,healthy
saline,healthy
saline,healthy
saline,healthy
saline,healthy
saline,healthy
saline,healthy
saline,healthy
saline,healthy
saline,healthy
saline,healthy
saline,healthy
saline,healthy
saline,healthy
saline,healthy
saline,healthy
saline,healthy
saline,healthy
saline,healthy
saline,healthy
saline,healthy
saline,healthy
saline,healthy
saline,healthy
saline,healthy
saline,healthy
saline,healthy
saline,healthy
saline,healthy
saline,healthy
saline,healthy
saline,healthy
saline,healthy
saline,healthy
saline,healthy
saline,healthy
saline,healthy
saline,healthy
saline,healthy
saline,healthy
saline,healthy
saline,healthy
saline,healthy
saline,healthy
saline,healthy
saline,healthy
saline,healthy
saline,healthy
saline,healthy
saline,healthy
saline,healthy
saline,healthy
saline,healthy
saline,healthy
saline,healthy
saline,healthy
saline,healthy
saline,healthy
saline,healthy
saline,healthy
saline,healthy
saline,healthy
saline,healthy
saline,healthy
saline,healthy
saline,healthy
saline,healthy
saline,healthy
saline,healthy
saline,healthy
saline,healthy
saline,healthy
saline,healthy
saline,healthy
saline,healthy
saline,healthy
saline,healthy
saline,healthy
saline,healthy
saline,healthy
saline,healthy
saline,healthy
saline,healthy
saline,healthy
saline,healthy
saline,healthy
saline,healthy
saline,healthy
saline,healthy
saline,healthy
saline,healthy
saline,healthy
saline,healthy
saline,healthy
saline,healthy
saline,healthy
saline,healthy
saline,healthy
saline,healthy
saline,healthy
saline,healthy
saline,healthy
saline,healthy
saline,healthy
saline,healthy
saline,healthy
saline,healthy
saline,healthy
saline,healthy
saline,healthy
saline,healthy
saline,healthy
saline,healthy
saline,healthy
saline,healthy
saline,healthy
saline,healthy
saline,healthy
saline,healthy
saline,healthy
saline,healthy
saline,healthy
saline,healthy
saline,healthy
saline,healthy
saline,healthy
saline,healthy
saline,healthy
saline,healthy
saline,healthy
saline,healthy
saline,healthy
saline,healthy
saline,healthy
saline,healthy
saline,healthy
saline,healthy
saline,healthy
saline,healthy
saline,healthy
saline,healthy
saline,healthy
saline,healthy
saline,healthy
saline,healthy
saline,healthy
saline,healthy
saline,healthy
saline,healthy
saline,healthy
saline,healthy
saline,healthy
saline,healthy
saline,healthy
saline,healthy
saline,healthy
saline,healthy
saline,healthy
saline,healthy
saline,healthy
saline,healthy
saline,healthy
saline,healthy
saline,healthy
saline,healthy
saline,healthy
saline,healthy
saline,healthy
saline,healthy
saline,healthy
saline,healthy
saline,healthy
saline,healthy
saline,healthy
saline,healthy
saline,healthy
saline,healthy
saline,healthy
saline,healthy
saline,healthy
saline,healthy
saline,healthy
saline,healthy
saline,healthy
saline,healthy
saline,healthy
saline,healthy
saline,healthy
saline,healthy
saline,healthy
saline,healthy
saline,healthy
saline,healthy
saline,healthy
saline,healthy
saline,healthy
saline,healthy
saline,healthy
saline,healthy
saline,healthy
saline,healthy
saline,healthy
saline,healthy
saline,healthy
saline,healthy
saline,healthy
saline,healthy
saline,healthy
saline,healthy
saline,healthy
saline,healthy
saline,healthy
saline,healthy
saline,healthy
saline,healthy
saline,healthy
saline,healthy
saline,healthy
saline,healthy
saline,healthy
saline,healthy
saline,healthy
saline,healthy
saline,healthy
saline,healthy
saline,healthy
saline,healthy
saline,healthy
saline,healthy
saline,healthy
saline,healthy
saline,healthy
saline,healthy
saline,healthy
saline,healthy
saline,healthy
saline,healthy
saline,healthy
saline,healthy
saline,healthy
saline,healthy
saline,healthy
saline,healthy
saline,healthy
saline,healthy
saline,healthy
saline,healthy
saline,healthy
saline,healthy
saline,healthy
saline,healthy
saline,healthy
saline,healthy
saline,healthy
saline,healthy
saline,healthy
saline,healthy
saline,healthy
saline,healthy
saline,healthy
saline,healthy
saline,healthy
saline,healthy
saline,healthy
saline,healthy
saline,healthy
saline,healthy
saline,healthy
saline,healthy
saline,healthy
saline,healthy
saline,healthy
saline,healthy
saline,healthy
saline,healthy
saline,healthy
saline,healthy
saline,healthy
saline,healthy
saline,healthy
saline,healthy
saline,healthy
saline,healthy
saline,healthy
saline,healthy
saline,healthy
saline,healthy
saline,healthy
saline,healthy
saline,healthy
saline,healthy
saline,healthy
saline,healthy
saline,healthy
saline,healthy
saline,healthy
saline,healthy
saline,healthy
saline,healthy
saline,healthy
saline,healthy
saline,healthy
saline,healthy
saline,healthy
saline,healthy
saline,healthy
saline,healthy
saline,healthy
saline,healthy
saline,healthy
saline,healthy
saline,healthy
saline,healthy
saline,healthy
saline,healthy
saline,healthy
saline,healthy
saline,healthy
saline,healthy
saline,healthy
saline,healthy
saline,healthy
saline,healthy
saline,healthy
saline,healthy
saline,healthy
saline,healthy
saline,healthy
saline,healthy
saline,healthy
saline,healthy
saline,healthy
saline,healthy
saline,healthy
saline,healthy
saline,healthy
saline,healthy
saline,healthy
saline,healthy
saline,healthy
saline,healthy
saline,healthy
saline,healthy
saline,healthy
saline,healthy
saline,healthy
saline,healthy
saline,healthy
saline,healthy
saline,healthy
saline,healthy
saline,healthy
saline,healthy
saline,healthy
saline,healthy
saline,healthy
saline,healthy
saline,healthy
saline,healthy
saline,healthy
saline,healthy
saline,healthy
saline,healthy
saline,healthy
saline,healthy
saline,healthy
saline,healthy
saline,healthy
saline,healthy
saline,healthy
saline,healthy
saline,healthy
saline,healthy
saline,healthy
saline,healthy
saline,healthy
saline,healthy
saline,healthy
saline,healthy
saline,healthy
saline,healthy
saline,healthy
saline,healthy
saline,healthy
saline,healthy
saline,healthy
saline,healthy
saline,healthy
saline,healthy
saline,healthy
saline,healthy
saline,healthy
saline,healthy
saline,healthy
saline,healthy
saline,healthy
saline,healthy
saline,healthy
saline,healthy
saline,healthy
saline,healthy
saline,healthy
saline,healthy
saline,healthy
saline,healthy
saline,healthy
saline,healthy
saline,healthy
saline,healthy
saline,healthy
saline,healthy
saline,healthy
saline,healthy
saline,healthy
saline,healthy
saline,healthy
saline,healthy
saline,healthy
saline,healthy
saline,healthy
saline,healthy
saline,healthy
saline,healthy
saline,healthy
saline,healthy
saline,healthy
saline,healthy
saline,healthy
saline,healthy
saline,healthy
saline,healthy
saline,healthy
saline,healthy
saline,healthy
saline,healthy
saline,healthy
saline,healthy
saline,healthy
saline,healthy
saline,healthy
saline,healthy
saline,healthy
saline,healthy
saline,healthy
saline,healthy
saline,healthy
saline,healthy
saline,healthy
saline,healthy
saline,healthy
saline,healthy
saline,healthy
saline,healthy
saline,healthy
saline,healthy
saline,healthy
saline,healthy
saline,healthy
saline,healthy
saline,healthy
saline,healthy
saline,healthy
saline,healthy
saline,healthy
saline,healthy
saline,healthy
saline,healthy
saline,healthy
saline,healthy
saline,healthy
saline,healthy
saline,healthy
saline,healthy
saline,healthy
saline,healthy
saline,healthy
saline,healthy
saline,healthy
saline,healthy
saline,healthy
saline,healthy
saline,healthy
saline,healthy
saline,healthy
saline,healthy
saline,healthy
saline,healthy
saline,healthy
saline,healthy
saline,healthy
saline,healthy
saline,healthy
saline,healthy
saline,healthy
saline,healthy
saline,healthy
saline,healthy
saline,healthy
saline,healthy
saline,healthy
saline,healthy
saline,healthy
saline,healthy
saline,healthy
saline,healthy
saline,healthy
saline,healthy
saline,healthy
saline,healthy
saline,healthy
saline,healthy
saline,healthy
saline,healthy
saline,healthy
saline,healthy
saline,healthy
saline,healthy
saline,healthy
saline,healthy
saline,healthy
saline,healthy
saline,healthy
saline,healthy
saline,healthy
saline,healthy
saline,healthy
saline,healthy
saline,healthy
saline,healthy
saline,healthy
saline,healthy
saline,healthy
saline,healthy
saline,healthy
saline,healthy
saline,healthy
saline,healthy
saline,healthy
saline,healthy
saline,healthy
saline,healthy
saline,healthy
saline,healthy
saline,healthy
saline,healthy
saline,healthy
saline,healthy
saline,healthy
saline,healthy
saline,healthy
saline,healthy
saline,healthy
saline,healthy
saline,healthy
saline,healthy
saline,healthy
saline,healthy
saline,healthy
saline,healthy
saline,healthy
saline,healthy
saline,healthy
saline,healthy
saline,healthy
saline,healthy
saline,healthy
saline,healthy
saline,healthy
saline,healthy
saline,healthy
saline,healthy
saline,healthy
saline,healthy
saline,healthy
saline,healthy
saline,healthy
saline,healthy
saline,healthy
saline,healthy
saline,healthy
saline,healthy
saline,healthy
saline,healthy
saline,healthy
saline,healthy
saline,healthy
saline,healthy
saline,healthy
saline,healthy
saline,healthy
saline,healthy
saline,healthy
saline,healthy
saline,healthy
saline,healthy
saline,healthy
saline,healthy
saline,healthy
saline,healthy
saline,healthy
saline,healthy
saline,healthy
saline,healthy
saline,healthy
saline,healthy
saline,healthy
saline,healthy
saline,healthy
saline,healthy
saline,healthy
saline,healthy
saline,healthy
saline,healthy
saline,healthy
saline,healthy
saline,healthy
saline,healthy
saline,healthy
saline,healthy
saline,healthy
saline,healthy
saline,healthy
saline,healthy
saline,healthy
saline,healthy
saline,healthy
saline,healthy
saline,healthy
saline,healthy
saline,healthy
saline,healthy
saline,healthy
saline,healthy
saline,healthy
saline,healthy
saline,healthy
saline,healthy
saline,healthy
saline,healthy
saline,healthy
saline,healthy
saline,healthy
saline,healthy
saline,healthy
saline,healthy
saline,healthy
saline,healthy
saline,healthy
saline,healthy
saline,healthy
saline,healthy
saline,healthy
saline,healthy
saline,healthy
saline,healthy
saline,healthy
saline,healthy
saline,healthy
saline,healthy
saline,healthy
saline,healthy
saline,healthy
saline,healthy
saline,healthy
saline,healthy
saline,healthy
saline,healthy
saline,healthy
saline,healthy
saline,healthy
saline,healthy
saline,healthy
saline,healthy
saline,healthy
saline,healthy
saline,healthy
saline,healthy
saline,healthy
saline,healthy
saline,healthy
saline,healthy
saline,healthy
saline,healthy
saline,healthy
saline,healthy
saline,healthy
saline,healthy
saline,healthy
saline,healthy
saline,healthy
saline,healthy
saline,healthy
saline,healthy
saline,healthy
saline,healthy
saline,healthy
saline,healthy
saline,healthy
saline,healthy
saline,healthy
saline,healthy
saline,healthy
saline,healthy
saline,healthy
saline,healthy
saline,healthy
saline,healthy
saline,healthy
saline,healthy
saline,healthy
saline,healthy
saline,healthy
saline,healthy
saline,healthy
saline,healthy
saline,healthy
saline,healthy
saline,healthy
saline,healthy
saline,healthy
saline,healthy
saline,healthy
saline,healthy
saline,healthy
saline,healthy
saline,healthy
saline,healthy
saline,healthy
saline,healthy
saline,healthy
saline,healthy
saline,healthy
saline,healthy
saline,healthy
saline,healthy
saline,healthy
saline,healthy
saline,healthy
saline,healthy
saline,healthy
saline,healthy
saline,healthy
saline,healthy
saline,healthy
saline,healthy
saline,healthy
saline,healthy
saline,healthy
saline,healthy
saline,healthy
saline,healthy
saline,healthy
saline,healthy
saline,healthy
saline,healthy
saline,healthy
saline,healthy
saline,healthy
saline,healthy
saline,healthy
saline,healthy
saline,healthy
saline,healthy
saline,healthy
saline,healthy
saline,healthy
saline,healthy
saline,healthy
saline,healthy
saline,healthy
saline,healthy
saline,healthy
saline,healthy
saline,healthy
saline,healthy
saline,healthy
saline,healthy
saline,healthy
saline,healthy
saline,healthy
saline,healthy
saline,healthy
castile soap,reoperation
castile soap,reoperation
castile soap,reoperation
castile soap,reoperation
castile soap,reoperation
castile soap,reoperation
castile soap,reoperation
castile soap,reoperation
castile soap,reoperation
castile soap,reoperation
castile soap,reoperation
castile soap,reoperation
castile soap,reoperation
castile soap,reoperation
castile soap,reoperation
castile soap,reoperation
castile soap,reoperation
castile soap,reoperation
castile soap,reoperation
castile soap,reoperation
castile soap,reoperation
castile soap,reoperation
castile soap,reoperation
castile soap,reoperation
castile soap,reoperation
castile soap,reoperation
castile soap,reoperation
castile soap,reoperation
castile soap,reoperation
castile soap,reoperation
castile soap,reoperation
castile soap,reoperation
castile soap,reoperation
castile soap,reoperation
castile soap,reoperation
castile soap,reoperation
castile soap,reoperation
castile soap,reoperation
castile soap,reoperation
castile soap,reoperation
castile soap,reoperation
castile soap,reoperation
castile soap,reoperation
castile soap,reoperation
castile soap,reoperation
castile soap,reoperation
castile soap,reoperation
castile soap,reoperation
castile soap,reoperation
castile soap,reoperation
castile soap,reoperation
castile soap,reoperation
castile soap,reoperation
castile soap,reoperation
castile soap,reoperation
castile soap,reoperation
castile soap,reoperation
castile soap,reoperation
castile soap,reoperation
castile soap,reoperation
castile soap,reoperation
castile soap,reoperation
castile soap,reoperation
castile soap,reoperation
castile soap,reoperation
castile soap,reoperation
castile soap,reoperation
castile soap,reoperation
castile soap,reoperation
castile soap,reoperation
castile soap,reoperation
castile soap,reoperation
castile soap,reoperation
castile soap,reoperation
castile soap,reoperation
castile soap,reoperation
castile soap,reoperation
castile soap,reoperation
castile soap,reoperation
castile soap,reoperation
castile soap,reoperation
castile soap,reoperation
castile soap,reoperation
castile soap,reoperation
castile soap,reoperation
castile soap,reoperation
castile soap,reoperation
castile soap,reoperation
castile soap,reoperation
castile soap,reoperation
castile soap,reoperation
castile soap,reoperation
castile soap,reoperation
castile soap,reoperation
castile soap,reoperation
castile soap,reoperation
castile soap,reoperation
castile soap,reoperation
castile soap,reoperation
castile soap,reoperation
castile soap,reoperation
castile soap,reoperation
castile soap,reoperation
castile soap,reoperation
castile soap,reoperation
castile soap,reoperation
castile soap,reoperation
castile soap,reoperation
castile soap,reoperation
castile soap,reoperation
castile soap,reoperation
castile soap,reoperation
castile soap,reoperation
castile soap,reoperation
castile soap,reoperation
castile soap,reoperation
castile soap,reoperation
castile soap,reoperation
castile soap,reoperation
castile soap,reoperation
castile soap,reoperation
castile soap,reoperation
castile soap,reoperation
castile soap,reoperation
castile soap,reoperation
castile soap,reoperation
castile soap,reoperation
castile soap,reoperation
castile soap,reoperation
castile soap,reoperation
castile soap,reoperation
castile soap,reoperation
castile soap,reoperation
castile soap,reoperation
castile soap,reoperation
castile soap,reoperation
castile soap,reoperation
castile soap,reoperation
castile soap,reoperation
castile soap,reoperation
castile soap,reoperation
castile soap,reoperation
castile soap,reoperation
castile soap,reoperation
castile soap,reoperation
castile soap,reoperation
castile soap,reoperation
castile soap,reoperation
castile soap,reoperation
castile soap,reoperation
castile soap,reoperation
castile soap,reoperation
castile soap,reoperation
castile soap,reoperation
castile soap,reoperation
castile soap,reoperation
castile soap,reoperation
castile soap,reoperation
castile soap,reoperation
castile soap,reoperation
castile soap,reoperation
castile soap,reoperation
castile soap,reoperation
castile soap,reoperation
castile soap,reoperation
castile soap,reoperation
castile soap,reoperation
castile soap,reoperation
castile soap,reoperation
castile soap,reoperation
castile soap,reoperation
castile soap,reoperation
castile soap,reoperation
castile soap,reoperation
castile soap,reoperation
castile soap,reoperation
castile soap,reoperation
castile soap,reoperation
castile soap,reoperation
castile soap,reoperation
castile soap,reoperation
castile soap,reoperation
castile soap,healthy
castile soap,healthy
castile soap,healthy
castile soap,healthy
castile soap,healthy
castile soap,healthy
castile soap,healthy
castile soap,healthy
castile soap,healthy
castile soap,healthy
castile soap,healthy
castile soap,healthy
castile soap,healthy
castile soap,healthy
castile soap,healthy
castile soap,healthy
castile soap,healthy
castile soap,healthy
castile soap,healthy
castile soap,healthy
castile soap,healthy
castile soap,healthy
castile soap,healthy
castile soap,healthy
castile soap,healthy
castile soap,healthy
castile soap,healthy
castile soap,healthy
castile soap,healthy
castile soap,healthy
castile soap,healthy
castile soap,healthy
castile soap,healthy
castile soap,healthy
castile soap,healthy
castile soap,healthy
castile soap,healthy
castile soap,healthy
castile soap,healthy
castile soap,healthy
castile soap,healthy
castile soap,healthy
castile soap,healthy
castile soap,healthy
castile soap,healthy
castile soap,healthy
castile soap,healthy
castile soap,healthy
castile soap,healthy
castile soap,healthy
castile soap,healthy
castile soap,healthy
castile soap,healthy
castile soap,healthy
castile soap,healthy
castile soap,healthy
castile soap,healthy
castile soap,healthy
castile soap,healthy
castile soap,healthy
castile soap,healthy
castile soap,healthy
castile soap,healthy
castile soap,healthy
castile soap,healthy
castile soap,healthy
castile soap,healthy
castile soap,healthy
castile soap,healthy
castile soap,healthy
castile soap,healthy
castile soap,healthy
castile soap,healthy
castile soap,healthy
castile soap,healthy
castile soap,healthy
castile soap,healthy
castile soap,healthy
castile soap,healthy
castile soap,healthy
castile soap,healthy
castile soap,healthy
castile soap,healthy
castile soap,healthy
castile soap,healthy
castile soap,healthy
castile soap,healthy
castile soap,healthy
castile soap,healthy
castile soap,healthy
castile soap,healthy
castile soap,healthy
castile soap,healthy
castile soap,healthy
castile soap,healthy
castile soap,healthy
castile soap,healthy
castile soap,healthy
castile soap,healthy
castile soap,healthy
castile soap,healthy
castile soap,healthy
castile soap,healthy
castile soap,healthy
castile soap,healthy
castile soap,healthy
castile soap,healthy
castile soap,healthy
castile soap,healthy
castile soap,healthy
castile soap,healthy
castile soap,healthy
castile soap,healthy
castile soap,healthy
castile soap,healthy
castile soap,healthy
castile soap,healthy
castile soap,healthy
castile soap,healthy
castile soap,healthy
castile soap,healthy
castile soap,healthy
castile soap,healthy
castile soap,healthy
castile soap,healthy
castile soap,healthy
castile soap,healthy
castile soap,healthy
castile soap,healthy
castile soap,healthy
castile soap,healthy
castile soap,healthy
castile soap,healthy
castile soap,healthy
castile soap,healthy
castile soap,healthy
castile soap,healthy
castile soap,healthy
castile soap,healthy
castile soap,healthy
castile soap,healthy
castile soap,healthy
castile soap,healthy
castile soap,healthy
castile soap,healthy
castile soap,healthy
castile soap,healthy
castile soap,healthy
castile soap,healthy
castile soap,healthy
castile soap,healthy
castile soap,healthy
castile soap,healthy
castile soap,healthy
castile soap,healthy
castile soap,healthy
castile soap,healthy
castile soap,healthy
castile soap,healthy
castile soap,healthy
castile soap,healthy
castile soap,healthy
castile soap,healthy
castile soap,healthy
castile soap,healthy
castile soap,healthy
castile soap,healthy
castile soap,healthy
castile soap,healthy
castile soap,healthy
castile soap,healthy
castile soap,healthy
castile soap,healthy
castile soap,healthy
castile soap,healthy
castile soap,healthy
castile soap,healthy
castile soap,healthy
castile soap,healthy
castile soap,healthy
castile soap,healthy
castile soap,healthy
castile soap,healthy
castile soap,healthy
castile soap,healthy
castile soap,healthy
castile soap,healthy
castile soap,healthy
castile soap,healthy
castile soap,healthy
castile soap,healthy
castile soap,healthy
castile soap,healthy
castile soap,healthy
castile soap,healthy
castile soap,healthy
castile soap,healthy
castile soap,healthy
castile soap,healthy
castile soap,healthy
castile soap,healthy
castile soap,healthy
castile soap,healthy
castile soap,healthy
castile soap,healthy
castile soap,healthy
castile soap,healthy
castile soap,healthy
castile soap,healthy
castile soap,healthy
castile soap,healthy
castile soap,healthy
castile soap,healthy
castile soap,healthy
castile soap,healthy
castile soap,healthy
castile soap,healthy
castile soap,healthy
castile soap,healthy
castile soap,healthy
castile soap,healthy
castile soap,healthy
castile soap,healthy
castile soap,healthy
castile soap,healthy
castile soap,healthy
castile soap,healthy
castile soap,healthy
castile soap,healthy
castile soap,healthy
castile soap,healthy
castile soap,healthy
castile soap,healthy
castile soap,healthy
castile soap,healthy
castile soap,healthy
castile soap,healthy
castile soap,healthy
castile soap,healthy
castile soap,healthy
castile soap,healthy
castile soap,healthy
castile soap,healthy
castile soap,healthy
castile soap,healthy
castile soap,healthy
castile soap,healthy
castile soap,healthy
castile soap,healthy
castile soap,healthy
castile soap,healthy
castile soap,healthy
castile soap,healthy
castile soap,healthy
castile soap,healthy
castile soap,healthy
castile soap,healthy
castile soap,healthy
castile soap,healthy
castile soap,healthy
castile soap,healthy
castile soap,healthy
castile soap,healthy
castile soap,healthy
castile soap,healthy
castile soap,healthy
castile soap,healthy
castile soap,healthy
castile soap,healthy
castile soap,healthy
castile soap,healthy
castile soap,healthy
castile soap,healthy
castile soap,healthy
castile soap,healthy
castile soap,healthy
castile soap,healthy
castile soap,healthy
castile soap,healthy
castile soap,healthy
castile soap,healthy
castile soap,healthy
castile soap,healthy
castile soap,healthy
castile soap,healthy
castile soap,healthy
castile soap,healthy
castile soap,healthy
castile soap,healthy
castile soap,healthy
castile soap,healthy
castile soap,healthy
castile soap,healthy
castile soap,healthy
castile soap,healthy
castile soap,healthy
castile soap,healthy
castile soap,healthy
castile soap,healthy
castile soap,healthy
castile soap,healthy
castile soap,healthy
castile soap,healthy
castile soap,healthy
castile soap,healthy
castile soap,healthy
castile soap,healthy
castile soap,healthy
castile soap,healthy
castile soap,healthy
castile soap,healthy
castile soap,healthy
castile soap,healthy
castile soap,healthy
castile soap,healthy
castile soap,healthy
castile soap,healthy
castile soap,healthy
castile soap,healthy
castile soap,healthy
castile soap,healthy
castile soap,healthy
castile soap,healthy
castile soap,healthy
castile soap,healthy
castile soap,healthy
castile soap,healthy
castile soap,healthy
castile soap,healthy
castile soap,healthy
castile soap,healthy
castile soap,healthy
castile soap,healthy
castile soap,healthy
castile soap,healthy
castile soap,healthy
castile soap,healthy
castile soap,healthy
castile soap,healthy
castile soap,healthy
castile soap,healthy
castile soap,healthy
castile soap,healthy
castile soap,healthy
castile soap,healthy
castile soap,healthy
castile soap,healthy
castile soap,healthy
castile soap,healthy
castile soap,healthy
castile soap,healthy
castile soap,healthy
castile soap,healthy
castile soap,healthy
castile soap,healthy
castile soap,healthy
castile soap,healthy
castile soap,healthy
castile soap,healthy
castile soap,healthy
castile soap,healthy
castile soap,healthy
castile soap,healthy
castile soap,healthy
castile soap,healthy
castile soap,healthy
castile soap,healthy
castile soap,healthy
castile soap,healthy
castile soap,healthy
castile soap,healthy
castile soap,healthy
castile soap,healthy
castile soap,healthy
castile soap,healthy
castile soap,healthy
castile soap,healthy
castile soap,healthy
castile soap,healthy
castile soap,healthy
castile soap,healthy
castile soap,healthy
castile soap,healthy
castile soap,healthy
castile soap,healthy
castile soap,healthy
castile soap,healthy
castile soap,healthy
castile soap,healthy
castile soap,healthy
castile soap,healthy
castile soap,healthy
castile soap,healthy
castile soap,healthy
castile soap,healthy
castile soap,healthy
castile soap,healthy
castile soap,healthy
castile soap,healthy
castile soap,healthy
castile soap,healthy
castile soap,healthy
castile soap,healthy
castile soap,healthy
castile soap,healthy
castile soap,healthy
castile soap,healthy
castile soap,healthy
castile soap,healthy
castile soap,healthy
castile soap,healthy
castile soap,healthy
castile soap,healthy
castile soap,healthy
castile soap,healthy
castile soap,healthy
castile soap,healthy
castile soap,healthy
castile soap,healthy
castile soap,healthy
castile soap,healthy
castile soap,healthy
castile soap,healthy
castile soap,healthy
castile soap,healthy
castile soap,healthy
castile soap,healthy
castile soap,healthy
castile soap,healthy
castile soap,healthy
castile soap,healthy
castile soap,healthy
castile soap,healthy
castile soap,healthy
castile soap,healthy
castile soap,healthy
castile soap,healthy
castile soap,healthy
castile soap,healthy
castile soap,healthy
castile soap,healthy
castile soap,healthy
castile soap,healthy
castile soap,healthy
castile soap,healthy
castile soap,healthy
castile soap,healthy
castile soap,healthy
castile soap,healthy
castile soap,healthy
castile soap,healthy
castile soap,healthy
castile soap,healthy
castile soap,healthy
castile soap,healthy
castile soap,healthy
castile soap,healthy
castile soap,healthy
castile soap,healthy
castile soap,healthy
castile soap,healthy
castile soap,healthy
castile soap,healthy
castile soap,healthy
castile soap,healthy
castile soap,healthy
castile soap,healthy
castile soap,healthy
castile soap,healthy
castile soap,healthy
castile soap,healthy
castile soap,healthy
castile soap,healthy
castile soap,healthy
castile soap,healthy
castile soap,healthy
castile soap,healthy
castile soap,healthy
castile soap,healthy
castile soap,healthy
castile soap,healthy
castile soap,healthy
castile soap,healthy
castile soap,healthy
castile soap,healthy
castile soap,healthy
castile soap,healthy
castile soap,healthy
castile soap,healthy
castile soap,healthy
castile soap,healthy
castile soap,healthy
castile soap,healthy
castile soap,healthy
castile soap,healthy
castile soap,healthy
castile soap,healthy
castile soap,healthy
castile soap,healthy
castile soap,healthy
castile soap,healthy
castile soap,healthy
castile soap,healthy
castile soap,healthy
castile soap,healthy
castile soap,healthy
castile soap,healthy
castile soap,healthy
castile soap,healthy
castile soap,healthy
castile soap,healthy
castile soap,healthy
castile soap,healthy
castile soap,healthy
castile soap,healthy
castile soap,healthy
castile soap,healthy
castile soap,healthy
castile soap,healthy
castile soap,healthy
castile soap,healthy
castile soap,healthy
castile soap,healthy
castile soap,healthy
castile soap,healthy
castile soap,healthy
castile soap,healthy
castile soap,healthy
castile soap,healthy
castile soap,healthy
castile soap,healthy
castile soap,healthy
castile soap,healthy
castile soap,healthy
castile soap,healthy
castile soap,healthy
castile soap,healthy
castile soap,healthy
castile soap,healthy
castile soap,healthy
castile soap,healthy
castile soap,healthy
castile soap,healthy
castile soap,healthy
castile soap,healthy
castile soap,healthy
castile soap,healthy
castile soap,healthy
castile soap,healthy
castile soap,healthy
castile soap,healthy
castile soap,healthy
castile soap,healthy
castile soap,healthy
castile soap,healthy
castile soap,healthy
castile soap,healthy
castile soap,healthy
castile soap,healthy
castile soap,healthy
castile soap,healthy
castile soap,healthy
castile soap,healthy
castile soap,healthy
castile soap,healthy
castile soap,healthy
castile soap,healthy
castile soap,healthy
castile soap,healthy
castile soap,healthy
castile soap,healthy
castile soap,healthy
castile soap,healthy
castile soap,healthy
castile soap,healthy
castile soap,healthy
castile soap,healthy
castile soap,healthy
castile soap,healthy
castile soap,healthy
castile soap,healthy
castile soap,healthy
castile soap,healthy
castile soap,healthy
castile soap,healthy
castile soap,healthy
castile soap,healthy
castile soap,healthy
castile soap,healthy
castile soap,healthy
castile soap,healthy
castile soap,healthy
castile soap,healthy
castile soap,healthy
castile soap,healthy
castile soap,healthy
castile soap,healthy
castile soap,healthy
castile soap,healthy
castile soap,healthy
castile soap,healthy
castile soap,healthy
castile soap,healthy
castile soap,healthy
castile soap,healthy
castile soap,healthy
castile soap,healthy
castile soap,healthy
castile soap,healthy
castile soap,healthy
castile soap,healthy
castile soap,healthy
castile soap,healthy
castile soap,healthy
castile soap,healthy
castile soap,healthy
castile soap,healthy
castile soap,healthy
castile soap,healthy
castile soap,healthy
castile soap,healthy
castile soap,healthy
castile soap,healthy
castile soap,healthy
castile soap,healthy
castile soap,healthy
castile soap,healthy
castile soap,healthy
castile soap,healthy
castile soap,healthy
castile soap,healthy
castile soap,healthy
castile soap,healthy
castile soap,healthy
castile soap,healthy
castile soap,healthy
castile soap,healthy
castile soap,healthy
castile soap,healthy
castile soap,healthy
castile soap,healthy
castile soap,healthy
castile soap,healthy
castile soap,healthy
castile soap,healthy
castile soap,healthy
castile soap,healthy
castile soap,healthy
castile soap,healthy
castile soap,healthy
castile soap,healthy
castile soap,healthy
castile soap,healthy
castile soap,healthy
castile soap,healthy
castile soap,healthy
castile soap,healthy
castile soap,healthy
castile soap,healthy
castile soap,healthy
castile soap,healthy
castile soap,healthy
castile soap,healthy
castile soap,healthy
castile soap,healthy
castile soap,healthy
castile soap,healthy
castile soap,healthy
castile soap,healthy
castile soap,healthy
castile soap,healthy
castile soap,healthy
castile soap,healthy
castile soap,healthy
castile soap,healthy
castile soap,healthy
castile soap,healthy
castile soap,healthy
castile soap,healthy
castile soap,healthy
castile soap,healthy
castile soap,healthy
castile soap,healthy
castile soap,healthy
castile soap,healthy
castile soap,healthy
castile soap,healthy
castile soap,healthy
castile soap,healthy
castile soap,healthy
castile soap,healthy
castile soap,healthy
castile soap,healthy
castile soap,healthy
castile soap,healthy
castile soap,healthy
castile soap,healthy
castile soap,healthy
castile soap,healthy
castile soap,healthy
castile soap,healthy
castile soap,healthy
castile soap,healthy
castile soap,healthy
castile soap,healthy
castile soap,healthy
castile soap,healthy
castile soap,healthy
castile soap,healthy
castile soap,healthy
castile soap,healthy
castile soap,healthy
castile soap,healthy
castile soap,healthy
castile soap,healthy
castile soap,healthy
castile soap,healthy
castile soap,healthy
castile soap,healthy
castile soap,healthy
castile soap,healthy
castile soap,healthy
castile soap,healthy
castile soap,healthy
castile soap,healthy
castile soap,healthy
castile soap,healthy
castile soap,healthy
castile soap,healthy
castile soap,healthy
castile soap,healthy
castile soap,healthy
castile soap,healthy
castile soap,healthy
castile soap,healthy
castile soap,healthy
castile soap,healthy
castile soap,healthy
castile soap,healthy
castile soap,healthy
castile soap,healthy
castile soap,healthy
castile soap,healthy
castile soap,healthy
castile soap,healthy
castile soap,healthy
castile soap,healthy
castile soap,healthy
castile soap,healthy
castile soap,healthy
castile soap,healthy
castile soap,healthy
castile soap,healthy
castile soap,healthy
castile soap,healthy
castile soap,healthy
castile soap,healthy
castile soap,healthy
castile soap,healthy
castile soap,healthy
castile soap,healthy
castile soap,healthy
castile soap,healthy
castile soap,healthy
castile soap,healthy
castile soap,healthy
castile soap,healthy
castile soap,healthy
castile soap,healthy
castile soap,healthy
castile soap,healthy
castile soap,healthy
castile soap,healthy
castile soap,healthy
castile soap,healthy
castile soap,healthy
castile soap,healthy
castile soap,healthy
castile soap,healthy
castile soap,healthy
castile soap,healthy
castile soap,healthy
castile soap,healthy
castile soap,healthy
castile soap,healthy
castile soap,healthy
castile soap,healthy
castile soap,healthy
castile soap,healthy
castile soap,healthy
castile soap,healthy
castile soap,healthy
castile soap,healthy
castile soap,healthy
castile soap,healthy
castile soap,healthy
castile soap,healthy
castile soap,healthy
castile soap,healthy
castile soap,healthy
castile soap,healthy
castile soap,healthy
castile soap,healthy
castile soap,healthy
castile soap,healthy
castile soap,healthy
castile soap,healthy
castile soap,healthy
castile soap,healthy
castile soap,healthy
castile soap,healthy
castile soap,healthy
castile soap,healthy
castile soap,healthy
castile soap,healthy
castile soap,healthy
castile soap,healthy
castile soap,healthy
castile soap,healthy
castile soap,healthy
castile soap,healthy
castile soap,healthy
castile soap,healthy
castile soap,healthy
castile soap,healthy
castile soap,healthy
castile soap,healthy
castile soap,healthy
castile soap,healthy
castile soap,healthy
castile soap,healthy
castile soap,healthy
castile soap,healthy
castile soap,healthy
castile soap,healthy
castile soap,healthy
castile soap,healthy
castile soap,healthy
castile soap,healthy
castile soap,healthy
castile soap,healthy
castile soap,healthy
castile soap,healthy
castile soap,healthy
castile soap,healthy
castile soap,healthy
castile soap,healthy
castile soap,healthy
castile soap,healthy
castile soap,healthy
castile soap,healthy
castile soap,healthy
castile soap,healthy
castile soap,healthy
castile soap,healthy
castile soap,healthy
castile soap,healthy
castile soap,healthy
castile soap,healthy
castile soap,healthy
castile soap,healthy
castile soap,healthy
castile soap,healthy
castile soap,healthy
castile soap,healthy
castile soap,healthy
castile soap,healthy
castile soap,healthy
castile soap,healthy
castile soap,healthy
castile soap,healthy
castile soap,healthy
castile soap,healthy
castile soap,healthy
castile soap,healthy
castile soap,healthy
castile soap,healthy
castile soap,healthy
castile soap,healthy
castile soap,healthy
castile soap,healthy
castile soap,healthy
castile soap,healthy
castile soap,healthy
castile soap,healthy
castile soap,healthy
castile soap,healthy
castile soap,healthy
castile soap,healthy
castile soap,healthy
castile soap,healthy
castile soap,healthy
castile soap,healthy
castile soap,healthy
castile soap,healthy
castile soap,healthy
castile soap,healthy
castile soap,healthy
castile soap,healthy
castile soap,healthy
castile soap,healthy
castile soap,healthy
castile soap,healthy
castile soap,healthy
castile soap,healthy
castile soap,healthy
castile soap,healthy
castile soap,healthy
castile soap,healthy
castile soap,healthy
castile soap,healthy
castile soap,healthy
castile soap,healthy
castile soap,healthy
castile soap,healthy
castile soap,healthy
castile soap,healthy
castile soap,healthy
castile soap,healthy
castile soap,healthy
castile soap,healthy
castile soap,healthy
castile soap,healthy
castile soap,healthy
castile soap,healthy
castile soap,healthy
castile soap,healthy
castile soap,healthy
castile soap,healthy
castile soap,healthy
castile soap,healthy
castile soap,healthy
castile soap,healthy
castile soap,healthy
castile soap,healthy
castile soap,healthy
castile soap,healthy
castile soap,healthy
castile soap,healthy
castile soap,healthy
castile soap,healthy
castile soap,healthy
castile soap,healthy
castile soap,healthy
castile soap,healthy
castile soap,healthy
castile soap,healthy
castile soap,healthy
castile soap,healthy
castile soap,healthy
castile soap,healthy
castile soap,healthy
castile soap,healthy
castile soap,healthy
castile soap,healthy
castile soap,healthy
castile soap,healthy
castile soap,healthy
castile soap,healthy
castile soap,healthy
castile soap,healthy
castile soap,healthy
castile soap,healthy
castile soap,healthy
castile soap,healthy
castile soap,healthy
castile soap,healthy
castile soap,healthy
castile soap,healthy
castile soap,healthy
castile soap,healthy
castile soap,healthy
castile soap,healthy
castile soap,healthy
castile soap,healthy
castile soap,healthy
castile soap,healthy
castile soap,healthy
castile soap,healthy
castile soap,healthy
castile soap,healthy
castile soap,healthy
castile soap,healthy
castile soap,healthy
castile soap,healthy
castile soap,healthy
castile soap,healthy
castile soap,healthy
castile soap,healthy
castile soap,healthy
castile soap,healthy
castile soap,healthy
castile soap,healthy
castile soap,healthy
castile soap,healthy
castile soap,healthy
castile soap,healthy
castile soap,healthy
castile soap,healthy
castile soap,healthy
castile soap,healthy
castile soap,healthy
castile soap,healthy
castile soap,healthy
castile soap,healthy
castile soap,healthy
castile soap,healthy
castile soap,healthy
castile soap,healthy
castile soap,healthy
castile soap,healthy
castile soap,healthy
castile soap,healthy
castile soap,healthy
castile soap,healthy
castile soap,healthy
castile soap,healthy
castile soap,healthy
castile soap,healthy
castile soap,healthy
castile soap,healthy
castile soap,healthy
castile soap,healthy
castile soap,healthy
castile soap,healthy
castile soap,healthy
castile soap,healthy
castile soap,healthy
castile soap,healthy
castile soap,healthy
castile soap,healthy
castile soap,healthy
castile soap,healthy
castile soap,healthy
castile soap,healthy
castile soap,healthy
castile soap,healthy
castile soap,healthy
castile soap,healthy
castile soap,healthy
castile soap,healthy
castile soap,healthy
castile soap,healthy
castile soap,healthy
castile soap,healthy
castile soap,healthy
castile soap,healthy
